<?xml version="1.0" encoding="UTF-8"?>
<project-private xmlns="http://www.netbeans.org/ns/project-private/1">
    <editor-bookmarks xmlns="http://www.netbeans.org/ns/editor-bookmarks/2" lastBookmarkId="0"/>
    <open-files xmlns="http://www.netbeans.org/ns/projectui-open-files/2">
        <group>
            <file>file:/Users/sandeep/Desktop/angular_project/stack/app/factory/sharedServices.js</file>
            <file>file:/Users/sandeep/Desktop/angular_project/stack/app/scripts/app.js</file>
            <file>file:/Users/sandeep/Desktop/angular_project/stack/app/styles/main.css</file>
            <file>file:/Users/sandeep/Desktop/angular_project/stack/app/scripts/controllers/main.js</file>
            <file>file:/Users/sandeep/Desktop/angular_project/stack/app/index.html</file>
            <file>file:/Users/sandeep/Desktop/angular_project/stack/app/views/main.html</file>
            <file>file:/Users/sandeep/Desktop/angular_project/stack/app/data/data.json</file>
            <file>file:/Users/sandeep/Desktop/angular_project/stack/app/scripts/controllers/blog.js</file>
            <file>file:/Users/sandeep/Desktop/angular_project/stack/app/views/blog.html</file>
            <file>file:/Users/sandeep/Desktop/angular_project/stack/app/styles/blog.css</file>
        </group>
    </open-files>
</project-private>
